Timestamp (seconds),Hand X,Hand Y,In Zone (1=Yes/0=No),Part Placed
0.029,437.50,187.73,0,
0.698,437.50,187.73,0,
0.739,437.50,187.73,0,
2.109,437.50,187.73,0,
2.153,437.50,187.73,0,
2.160,437.50,187.73,0,
2.252,437.50,187.73,0,
2.257,437.50,187.73,0,
2.262,437.50,187.73,0,
2.287,437.50,187.73,0,
2.292,437.50,187.73,0,
2.298,437.50,187.73,0,
2.319,437.50,187.73,0,
2.323,437.50,187.73,0,
2.327,437.50,187.73,0,
2.360,437.50,187.73,0,
2.364,437.50,187.73,0,
2.369,437.50,187.73,0,
2.374,437.50,187.73,0,
2.383,437.50,187.73,0,
2.390,437.50,187.73,0,
2.399,437.50,187.73,0,
2.405,437.50,187.73,0,
2.414,437.50,187.73,0,
2.425,437.50,187.73,0,
2.447,437.50,187.73,0,
2.456,437.50,187.73,0,
2.469,437.50,187.73,0,
2.474,437.50,187.73,0,
2.480,437.50,187.73,0,
2.485,437.50,187.73,0,
2.492,437.50,187.73,0,
2.496,437.50,187.73,0,
2.502,437.50,187.73,0,
2.508,437.50,187.73,0,
2.512,437.50,187.73,0,
2.517,437.50,187.73,0,
2.522,437.50,187.73,0,
2.526,437.50,187.73,0,
2.535,437.50,187.73,0,
2.539,437.50,187.73,0,
2.564,437.50,187.73,0,
2.585,437.50,187.73,0,
2.592,437.50,187.73,0,
2.597,437.50,187.73,0,
2.603,437.50,187.73,0,
2.610,437.50,187.73,0,
2.618,437.50,187.73,0,
2.624,437.50,187.73,0,
2.633,437.50,187.73,0,
2.639,437.50,187.73,0,
2.646,437.50,187.73,0,
2.653,437.50,187.73,0,
2.659,437.50,187.73,0,
2.664,437.50,187.73,0,
2.672,437.50,187.73,0,
2.678,437.50,187.73,0,
2.683,437.50,187.73,0,
2.688,437.50,187.73,0,
2.695,437.50,187.73,0,
2.702,437.50,187.73,0,
2.708,437.50,187.73,0,
2.716,437.50,187.73,0,
2.722,437.50,187.73,0,
2.730,437.50,187.73,0,
2.738,437.50,187.73,0,
2.745,437.50,187.73,0,
2.759,437.50,187.73,0,
2.765,437.50,187.73,0,
2.773,437.50,187.73,0,
2.780,437.50,187.73,0,
2.788,437.50,187.73,0,
2.797,437.50,187.73,0,
2.805,437.50,187.73,0,
2.812,437.50,187.73,0,
2.819,437.50,187.73,0,
2.823,437.50,187.73,0,
2.828,437.50,187.73,0,
2.833,437.50,187.73,0,
2.839,437.50,187.73,0,
2.845,437.50,187.73,0,
2.852,437.50,187.73,0,
2.857,437.50,187.73,0,
2.862,437.50,187.73,0,
2.867,437.50,187.73,0,
2.873,437.50,187.73,0,
2.877,437.50,187.73,0,
2.885,437.50,187.73,0,
2.893,437.50,187.73,0,
2.898,437.50,187.73,0,
2.905,437.50,187.73,0,
2.913,437.50,187.73,0,
2.921,437.50,187.73,0,
2.932,437.50,187.73,0,
2.940,437.50,187.73,0,
2.949,437.50,187.73,0,
2.956,437.50,187.73,0,
2.960,437.50,187.73,0,
2.966,437.50,187.73,0,
2.974,437.50,187.73,0,
2.980,437.50,187.73,0,
2.987,437.50,187.73,0,
2.993,437.50,187.73,0,
2.998,437.50,187.73,0,
3.003,437.50,187.73,0,
3.007,437.50,187.73,0,
3.013,437.50,187.73,0,
3.021,437.50,187.73,0,
3.026,437.50,187.73,0,
3.031,437.50,187.73,0,
3.036,437.50,187.73,0,
3.043,437.50,187.73,0,
3.050,437.50,187.73,0,
3.056,437.50,187.73,0,
3.060,437.50,187.73,0,
3.065,437.50,187.73,0,
3.071,437.50,187.73,0,
3.075,437.50,187.73,0,
3.083,437.50,187.73,0,
3.089,437.50,187.73,0,
3.095,437.50,187.73,0,
3.100,437.50,187.73,0,
3.104,437.50,187.73,0,
3.111,437.50,187.73,0,
3.116,437.50,187.73,0,
3.120,437.50,187.73,0,
3.126,437.50,187.73,0,
3.131,437.50,187.73,0,
3.136,437.50,187.73,0,
3.142,437.50,187.73,0,
3.147,437.50,187.73,0,
3.152,437.50,187.73,0,
3.162,437.50,187.73,0,
3.167,437.50,187.73,0,
3.172,437.50,187.73,0,
3.182,437.50,187.73,0,
3.190,437.50,187.73,0,
3.198,437.50,187.73,0,
3.203,437.50,187.73,0,
3.210,437.50,187.73,0,
3.218,437.50,187.73,0,
3.225,437.50,187.73,0,
3.231,437.50,187.73,0,
3.237,437.50,187.73,0,
3.242,437.50,187.73,0,
3.252,437.50,187.73,0,
3.258,437.50,187.73,0,
3.263,437.50,187.73,0,
3.267,437.50,187.73,0,
3.273,437.50,187.73,0,
3.278,437.50,187.73,0,
3.283,437.50,187.73,0,
3.289,437.50,187.73,0,
3.295,437.50,187.73,0,
3.300,437.50,187.73,0,
3.304,437.50,187.73,0,
3.309,437.50,187.73,0,
3.316,437.50,187.73,0,
3.323,437.50,187.73,0,
3.328,437.50,187.73,0,
3.333,437.50,187.73,0,
3.337,437.50,187.73,0,
3.342,437.50,187.73,0,
3.347,437.50,187.73,0,
3.353,437.50,187.73,0,
3.357,437.50,187.73,0,
3.362,437.50,187.73,0,
3.366,437.50,187.73,0,
3.370,437.50,187.73,0,
3.375,437.50,187.73,0,
3.379,437.50,187.73,0,
3.386,437.50,187.73,0,
3.389,437.50,187.73,0,
3.394,437.50,187.73,0,
3.399,437.50,187.73,0,
3.404,437.50,187.73,0,
3.410,437.50,187.73,0,
3.416,437.50,187.73,0,
3.422,437.50,187.73,0,
3.426,437.50,187.73,0,
3.434,437.50,187.73,0,
3.439,437.50,187.73,0,
3.445,437.50,187.73,0,
3.454,437.50,187.73,0,
3.459,437.50,187.73,0,
3.464,437.50,187.73,0,
3.469,437.50,187.73,0,
3.476,437.50,187.73,0,
3.483,437.50,187.73,0,
3.488,437.50,187.73,0,
3.492,437.50,187.73,0,
3.496,437.50,187.73,0,
3.501,437.50,187.73,0,
3.506,437.50,187.73,0,
3.509,437.50,187.73,0,
3.515,437.50,187.73,0,
3.519,437.50,187.73,0,
3.526,437.50,187.73,0,
3.532,437.50,187.73,0,
3.536,437.50,187.73,0,
3.541,437.50,187.73,0,
3.545,437.50,187.73,0,
3.552,437.50,187.73,0,
3.558,437.50,187.73,0,
3.564,437.50,187.73,0,
3.568,437.50,187.73,0,
3.574,437.50,187.73,0,
3.578,437.50,187.73,0,
3.584,437.50,187.73,0,
3.589,437.50,187.73,0,
3.596,437.50,187.73,0,
3.600,437.50,187.73,0,
3.605,437.50,187.73,0,
3.609,437.50,187.73,0,
3.615,437.50,187.73,0,
3.619,437.50,187.73,0,
3.626,437.50,187.73,0,
3.631,437.50,187.73,0,
3.634,437.50,187.73,0,
3.640,437.50,187.73,0,
3.644,437.50,187.73,0,
3.651,437.50,187.73,0,
3.659,437.50,187.73,0,
3.663,437.50,187.73,0,
3.667,437.50,187.73,0,
3.673,437.50,187.73,0,
3.679,437.50,187.73,0,
3.686,437.50,187.73,0,
3.694,437.50,187.73,0,
3.698,437.50,187.73,0,
3.704,437.50,187.73,0,
3.708,437.50,187.73,0,
3.716,437.50,187.73,0,
3.724,437.50,187.73,0,
3.728,437.50,187.73,0,
3.735,437.50,187.73,0,
3.740,437.50,187.73,0,
3.747,437.50,187.73,0,
3.756,437.50,187.73,0,
3.763,437.50,187.73,0,
3.769,437.50,187.73,0,
3.775,437.50,187.73,0,
3.781,437.50,187.73,0,
3.787,437.50,187.73,0,
3.792,437.50,187.73,0,
3.798,437.50,187.73,0,
3.806,437.50,187.73,0,
3.813,437.50,187.73,0,
3.821,437.50,187.73,0,
3.826,437.50,187.73,0,
3.833,437.50,187.73,0,
3.836,437.50,187.73,0,
3.841,437.50,187.73,0,
3.845,437.50,187.73,0,
3.850,437.50,187.73,0,
3.855,437.50,187.73,0,
3.860,437.50,187.73,0,
3.866,437.50,187.73,0,
3.871,437.50,187.73,0,
3.876,437.50,187.73,0,
3.882,437.50,187.73,0,
3.886,437.50,187.73,0,
3.891,437.50,187.73,0,
3.897,437.50,187.73,0,
3.902,437.50,187.73,0,
3.906,437.50,187.73,0,
3.912,437.50,187.73,0,
3.916,437.50,187.73,0,
3.922,437.50,187.73,0,
3.930,437.50,187.73,0,
3.936,437.50,187.73,0,
3.940,437.50,187.73,0,
3.946,437.50,187.73,0,
3.953,437.50,187.73,0,
3.962,437.50,187.73,0,
3.967,437.50,187.73,0,
3.974,437.50,187.73,0,
3.978,437.50,187.73,0,
3.983,437.50,187.73,0,
3.987,437.50,187.73,0,
3.994,437.50,187.73,0,
3.999,437.50,187.73,0,
4.004,437.50,187.73,0,
4.009,437.50,187.73,0,
4.014,437.50,187.73,0,
4.019,437.50,187.73,0,
4.025,437.50,187.73,0,
4.030,437.50,187.73,0,
4.034,437.50,187.73,0,
4.039,437.50,187.73,0,
4.046,437.50,187.73,0,
4.054,437.50,187.73,0,
4.063,437.50,187.73,0,
4.069,437.50,187.73,0,
4.076,437.50,187.73,0,
4.080,437.50,187.73,0,
4.088,437.50,187.73,0,
4.093,437.50,187.73,0,
4.098,437.50,187.73,0,
4.104,437.50,187.73,0,
4.110,437.50,187.73,0,
4.116,437.50,187.73,0,
4.122,437.50,187.73,0,
4.126,437.50,187.73,0,
4.131,437.50,187.73,0,
4.136,437.50,187.73,0,
4.141,437.50,187.73,0,
4.145,437.50,187.73,0,
4.152,437.50,187.73,0,
4.157,437.50,187.73,0,
4.161,437.50,187.73,0,
4.166,437.50,187.73,0,
4.171,437.50,187.73,0,
4.175,437.50,187.73,0,
4.179,437.50,187.73,0,
4.185,437.50,187.73,0,
4.189,437.50,187.73,0,
4.195,437.50,187.73,0,
4.201,437.50,187.73,0,
4.206,437.50,187.73,0,
4.211,437.50,187.73,0,
4.214,437.50,187.73,0,
4.220,437.50,187.73,0,
4.223,437.50,187.73,0,
4.231,437.50,187.73,0,
4.234,437.50,187.73,0,
4.240,437.50,187.73,0,
4.244,437.50,187.73,0,
4.249,437.50,187.73,0,
4.254,437.50,187.73,0,
4.258,437.50,187.73,0,
4.265,437.50,187.73,0,
4.269,437.50,187.73,0,
4.275,437.50,187.73,0,
4.279,437.50,187.73,0,
4.284,437.50,187.73,0,
4.288,437.50,187.73,0,
4.295,437.50,187.73,0,
4.299,437.50,187.73,0,
4.303,437.50,187.73,0,
4.309,437.50,187.73,0,
4.314,437.50,187.73,0,
4.320,437.50,187.73,0,
4.327,437.50,187.73,0,
4.332,437.50,187.73,0,
4.337,437.50,187.73,0,
4.341,437.50,187.73,0,
4.347,437.50,187.73,0,
4.354,437.50,187.73,0,
4.360,437.50,187.73,0,
4.364,437.50,187.73,0,
4.368,437.50,187.73,0,
4.374,437.50,187.73,0,
4.378,437.50,187.73,0,
4.383,437.50,187.73,0,
4.388,437.50,187.73,0,
4.395,437.50,187.73,0,
4.399,437.50,187.73,0,
4.404,437.50,187.73,0,
4.407,437.50,187.73,0,
4.413,437.50,187.73,0,
4.418,437.50,187.73,0,
4.424,437.50,187.73,0,
4.430,437.50,187.73,0,
4.434,437.50,187.73,0,
4.439,437.50,187.73,0,
4.443,437.50,187.73,0,
4.448,437.50,187.73,0,
4.455,437.50,187.73,0,
4.459,437.50,187.73,0,
4.464,437.50,187.73,0,
4.469,437.50,187.73,0,
4.474,437.50,187.73,0,
4.479,437.50,187.73,0,
4.483,437.50,187.73,0,
4.486,437.50,187.73,0,
4.492,437.50,187.73,0,
4.497,437.50,187.73,0,
4.504,437.50,187.73,0,
4.508,437.50,187.73,0,
4.513,437.50,187.73,0,
4.518,437.50,187.73,0,
4.522,437.50,187.73,0,
4.527,437.50,187.73,0,
4.535,437.50,187.73,0,
4.539,437.50,187.73,0,
4.544,437.50,187.73,0,
4.547,437.50,187.73,0,
4.554,437.50,187.73,0,
4.560,437.50,187.73,0,
4.566,437.50,187.73,0,
4.573,437.50,187.73,0,
4.577,437.50,187.73,0,
4.582,437.50,187.73,0,
4.586,437.50,187.73,0,
4.591,437.50,187.73,0,
4.597,437.50,187.73,0,
4.602,437.50,187.73,0,
4.606,437.50,187.73,0,
4.618,437.50,187.73,0,
4.630,437.50,187.73,0,
4.637,437.50,187.73,0,
4.642,437.50,187.73,0,
4.646,437.50,187.73,0,
4.652,437.50,187.73,0,
4.655,437.50,187.73,0,
4.659,437.50,187.73,0,
4.666,437.50,187.73,0,
4.670,437.50,187.73,0,
4.675,437.50,187.73,0,
4.681,437.50,187.73,0,
4.687,437.50,187.73,0,
4.692,437.50,187.73,0,
4.698,437.50,187.73,0,
4.703,437.50,187.73,0,
4.707,437.50,187.73,0,
4.713,437.50,187.73,0,
4.717,437.50,187.73,0,
4.722,437.50,187.73,0,
4.728,437.50,187.73,0,
4.733,437.50,187.73,0,
4.738,437.50,187.73,0,
4.742,437.50,187.73,0,
4.747,437.50,187.73,0,
4.754,437.50,187.73,0,
4.758,437.50,187.73,0,
4.764,437.50,187.73,0,
4.768,437.50,187.73,0,
4.773,437.50,187.73,0,
4.777,437.50,187.73,0,
4.782,437.50,187.73,0,
4.787,437.50,187.73,0,
4.794,437.50,187.73,0,
4.798,437.50,187.73,0,
4.803,437.50,187.73,0,
4.808,437.50,187.73,0,
4.814,437.50,187.73,0,
4.820,437.50,187.73,0,
4.825,437.50,187.73,0,
4.833,437.50,187.73,0,
4.836,437.50,187.73,0,
4.842,437.50,187.73,0,
4.848,437.50,187.73,0,
4.852,437.50,187.73,0,
4.860,437.50,187.73,0,
4.866,437.50,187.73,0,
4.873,437.50,187.73,0,
4.878,437.50,187.73,0,
4.883,437.50,187.73,0,
4.890,437.50,187.73,0,
4.894,437.50,187.73,0,
4.901,437.50,187.73,0,
4.906,437.50,187.73,0,
4.911,437.50,187.73,0,
4.915,437.50,187.73,0,
4.919,437.50,187.73,0,
4.927,437.50,187.73,0,
4.933,437.50,187.73,0,
4.940,437.50,187.73,0,
4.944,437.50,187.73,0,
4.950,437.50,187.73,0,
4.955,437.50,187.73,0,
4.959,437.50,187.73,0,
4.966,437.50,187.73,0,
4.971,437.50,187.73,0,
4.977,437.50,187.73,0,
4.983,437.50,187.73,0,
4.989,437.50,187.73,0,
4.994,437.50,187.73,0,
5.001,437.50,187.73,0,
5.006,437.50,187.73,0,
5.010,437.50,187.73,0,
5.017,437.50,187.73,0,
5.021,437.50,187.73,0,
5.025,437.50,187.73,0,
5.032,437.50,187.73,0,
5.036,437.50,187.73,0,
5.042,437.50,187.73,0,
5.046,437.50,187.73,0,
5.053,437.50,187.73,0,
5.057,437.50,187.73,0,
5.063,437.50,187.73,0,
5.067,437.50,187.73,0,
5.073,437.50,187.73,0,
5.078,437.50,187.73,0,
5.081,437.50,187.73,0,
5.090,437.50,187.73,0,
5.097,437.50,187.73,0,
5.101,437.50,187.73,0,
5.106,437.50,187.73,0,
5.110,437.50,187.73,0,
5.115,437.50,187.73,0,
5.120,437.50,187.73,0,
5.127,437.50,187.73,0,
5.133,437.50,187.73,0,
5.136,437.50,187.73,0,
5.140,437.50,187.73,0,
5.144,437.50,187.73,0,
5.149,437.50,187.73,0,
5.153,437.50,187.73,0,
5.157,437.50,187.73,0,
5.160,437.50,187.73,0,
5.165,437.50,187.73,0,
5.171,437.50,187.73,0,
5.178,437.50,187.73,0,
5.182,437.50,187.73,0,
5.187,437.50,187.73,0,
5.193,437.50,187.73,0,
5.198,437.50,187.73,0,
5.204,437.50,187.73,0,
5.211,437.50,187.73,0,
5.216,437.50,187.73,0,
5.220,437.50,187.73,0,
5.224,437.50,187.73,0,
5.229,437.50,187.73,0,
5.235,437.50,187.73,0,
5.242,437.50,187.73,0,
5.247,437.50,187.73,0,
5.251,437.50,187.73,0,
5.254,437.50,187.73,0,
5.261,437.50,187.73,0,
5.264,437.50,187.73,0,
5.271,437.50,187.73,0,
5.275,437.50,187.73,0,
5.282,437.50,187.73,0,
5.287,437.50,187.73,0,
5.291,437.50,187.73,0,
5.297,437.50,187.73,0,
5.304,437.50,187.73,0,
5.309,437.50,187.73,0,
5.315,437.50,187.73,0,
5.319,437.50,187.73,0,
5.323,437.50,187.73,0,
5.335,437.50,187.73,0,
5.340,437.50,187.73,0,
5.352,437.50,187.73,0,
5.362,437.50,187.73,0,
5.374,437.50,187.73,0,
5.382,437.50,187.73,0,
5.392,437.50,187.73,0,
5.402,437.50,187.73,0,
5.412,437.50,187.73,0,
5.422,437.50,187.73,0,
5.435,437.50,187.73,0,
5.445,437.50,187.73,0,
5.453,437.50,187.73,0,
5.461,437.50,187.73,0,
5.471,437.50,187.73,0,
5.483,437.50,187.73,0,
5.492,437.50,187.73,0,
5.502,437.50,187.73,0,
5.513,437.50,187.73,0,
5.523,437.50,187.73,0,
5.533,437.50,187.73,0,
5.546,437.50,187.73,0,
5.553,437.50,187.73,0,
5.560,437.50,187.73,0,
5.581,437.50,187.73,0,
5.589,437.50,187.73,0,
5.597,437.50,187.73,0,
5.603,437.50,187.73,0,
5.612,437.50,187.73,0,
5.623,437.50,187.73,0,
5.634,437.50,187.73,0,
5.642,437.50,187.73,0,
5.656,437.50,187.73,0,
5.663,437.50,187.73,0,
5.671,437.50,187.73,0,
5.684,437.50,187.73,0,
5.695,437.50,187.73,0,
5.702,437.50,187.73,0,
5.713,437.50,187.73,0,
5.723,437.50,187.73,0,
5.736,437.50,187.73,0,
5.740,437.50,187.73,0,
5.755,437.50,187.73,0,
5.765,437.50,187.73,0,
5.772,437.50,187.73,0,
5.783,437.50,187.73,0,
5.793,437.50,187.73,0,
5.802,437.50,187.73,0,
5.812,437.50,187.73,0,
5.826,437.50,187.73,0,
5.830,437.50,187.73,0,
5.841,437.50,187.73,0,
5.854,437.50,187.73,0,
5.862,437.50,187.73,0,
5.873,437.50,187.73,0,
5.884,437.50,187.73,0,
5.891,437.50,187.73,0,
5.904,437.50,187.73,0,
5.910,437.50,187.73,0,
5.924,437.50,187.73,0,
5.933,437.50,187.73,0,
5.945,437.50,187.73,0,
5.955,437.50,187.73,0,
5.960,437.50,187.73,0,
5.976,437.50,187.73,0,
5.980,437.50,187.73,0,
5.994,437.50,187.73,0,
6.002,437.50,187.73,0,
6.010,437.50,187.73,0,
6.024,437.50,187.73,0,
6.034,437.50,187.73,0,
6.040,437.50,187.73,0,
6.055,437.50,187.73,0,
6.060,437.50,187.73,0,
6.074,437.50,187.73,0,
6.082,437.50,187.73,0,
6.092,437.50,187.73,0,
6.105,437.50,187.73,0,
6.114,437.50,187.73,0,
6.123,437.50,187.73,0,
6.132,437.50,187.73,0,
6.140,437.50,187.73,0,
6.153,437.50,187.73,0,
6.161,437.50,187.73,0,
6.172,437.50,187.73,0,
6.183,437.50,187.73,0,
6.193,437.50,187.73,0,
6.201,437.50,187.73,0,
6.212,437.50,187.73,0,
6.224,437.50,187.73,0,
6.232,437.50,187.73,0,
6.242,437.50,187.73,0,
6.253,437.50,187.73,0,
6.260,437.50,187.73,0,
6.274,437.50,187.73,0,
6.285,437.50,187.73,0,
6.290,437.50,187.73,0,
6.301,437.50,187.73,0,
6.316,437.50,187.73,0,
6.321,437.50,187.73,0,
6.334,437.50,187.73,0,
6.346,437.50,187.73,0,
6.354,437.50,187.73,0,
6.363,437.50,187.73,0,
6.372,437.50,187.73,0,
6.383,437.50,187.73,0,
6.394,437.50,187.73,0,
6.405,437.50,187.73,0,
6.412,437.50,187.73,0,
6.422,437.50,187.73,0,
6.431,437.50,187.73,0,
6.441,437.50,187.73,0,
6.451,437.50,187.73,0,
6.463,437.50,187.73,0,
6.473,437.50,187.73,0,
6.482,437.50,187.73,0,
6.491,437.50,187.73,0,
6.504,437.50,187.73,0,
6.515,437.50,187.73,0,
6.522,437.50,187.73,0,
6.534,437.50,187.73,0,
6.540,437.50,187.73,0,
6.555,437.50,187.73,0,
6.561,437.50,187.73,0,
6.575,437.50,187.73,0,
6.581,437.50,187.73,0,
6.596,437.50,187.73,0,
6.602,437.50,187.73,0,
6.621,437.50,187.73,0,
6.634,437.50,187.73,0,
6.641,437.50,187.73,0,
6.648,437.50,187.73,0,
6.653,437.50,187.73,0,
6.661,437.50,187.73,0,
6.673,437.50,187.73,0,
6.683,437.50,187.73,0,
6.693,437.50,187.73,0,
6.705,437.50,187.73,0,
6.712,437.50,187.73,0,
6.725,437.50,187.73,0,
6.735,437.50,187.73,0,
6.741,437.50,187.73,0,
6.753,437.50,187.73,0,
6.766,437.50,187.73,0,
6.772,437.50,187.73,0,
6.787,437.50,187.73,0,
6.794,437.50,187.73,0,
6.804,437.50,187.73,0,
6.813,437.50,187.73,0,
6.828,437.50,187.73,0,
6.835,437.50,187.73,0,
6.840,437.50,187.73,0,
6.852,437.50,187.73,0,
6.863,437.50,187.73,0,
6.875,437.50,187.73,0,
6.885,437.50,187.73,0,
6.898,437.50,187.73,0,
6.913,437.50,187.73,0,
6.927,437.50,187.73,0,
6.933,437.50,187.73,0,
6.938,437.50,187.73,0,
6.946,437.50,187.73,0,
6.957,437.50,187.73,0,
6.961,437.50,187.73,0,
6.974,437.50,187.73,0,
6.985,437.50,187.73,0,
6.994,437.50,187.73,0,
7.004,437.50,187.73,0,
7.016,437.50,187.73,0,
7.021,437.50,187.73,0,
7.033,437.50,187.73,0,
7.042,437.50,187.73,0,
7.054,437.50,187.73,0,
7.064,437.50,187.73,0,
7.071,437.50,187.73,0,
7.081,437.50,187.73,0,
7.093,437.50,187.73,0,
7.102,437.50,187.73,0,
7.111,437.50,187.73,0,
7.124,437.50,187.73,0,
7.134,437.50,187.73,0,
7.142,437.50,187.73,0,
7.154,437.50,187.73,0,
7.161,437.50,187.73,0,
7.171,437.50,187.73,0,
7.184,437.50,187.73,0,
7.196,437.50,187.73,0,
7.201,437.50,187.73,0,
7.212,437.50,187.73,0,
7.221,437.50,187.73,0,
7.231,437.50,187.73,0,
7.241,437.50,187.73,0,
7.251,437.50,187.73,0,
7.262,437.50,187.73,0,
7.273,437.50,187.73,0,
7.282,437.50,187.73,0,
7.293,437.50,187.73,0,
7.302,437.50,187.73,0,
7.313,437.50,187.73,0,
7.324,437.50,187.73,0,
7.333,437.50,187.73,0,
7.343,437.50,187.73,0,
7.353,437.50,187.73,0,
7.361,437.50,187.73,0,
7.371,437.50,187.73,0,
7.381,437.50,187.73,0,
7.393,437.50,187.73,0,
7.401,437.50,187.73,0,
7.413,437.50,187.73,0,
7.425,437.50,187.73,0,
7.431,437.50,187.73,0,
7.441,437.50,187.73,0,
7.456,437.50,187.73,0,
7.463,437.50,187.73,0,
7.472,437.50,187.73,0,
7.485,437.50,187.73,0,
7.490,437.50,187.73,0,
7.501,437.50,187.73,0,
7.514,437.50,187.73,0,
7.522,437.50,187.73,0,
7.533,437.50,187.73,0,
7.541,437.50,187.73,0,
7.555,437.50,187.73,0,
7.560,437.50,187.73,0,
7.570,437.50,187.73,0,
7.582,437.50,187.73,0,
7.595,437.50,187.73,0,
7.604,437.50,187.73,0,
7.613,437.50,187.73,0,
7.626,437.50,187.73,0,
7.631,437.50,187.73,0,
7.643,437.50,187.73,0,
7.655,437.50,187.73,0,
7.664,437.50,187.73,0,
7.670,437.50,187.73,0,
7.681,437.50,187.73,0,
7.692,437.50,187.73,0,
7.701,437.50,187.73,0,
7.713,437.50,187.73,0,
7.724,437.50,187.73,0,
7.734,437.50,187.73,0,
7.745,437.50,187.73,0,
7.750,437.50,187.73,0,
7.764,437.50,187.73,0,
7.773,437.50,187.73,0,
7.782,437.50,187.73,0,
7.792,437.50,187.73,0,
7.802,437.50,187.73,0,
7.813,437.50,187.73,0,
7.823,437.50,187.73,0,
7.836,437.50,187.73,0,
7.845,437.50,187.73,0,
7.854,437.50,187.73,0,
7.865,437.50,187.73,0,
7.875,437.50,187.73,0,
7.884,437.50,187.73,0,
7.896,437.50,187.73,0,
7.903,437.50,187.73,0,
7.912,437.50,187.73,0,
7.921,437.50,187.73,0,
7.931,437.50,187.73,0,
7.946,437.50,187.73,0,
7.953,437.50,187.73,0,
7.963,437.50,187.73,0,
7.974,437.50,187.73,0,
7.981,437.50,187.73,0,
7.994,437.50,187.73,0,
8.002,437.50,187.73,0,
8.010,437.50,187.73,0,
8.022,437.50,187.73,0,
8.034,437.50,187.73,0,
8.042,437.50,187.73,0,
8.052,437.50,187.73,0,
8.064,437.50,187.73,0,
8.074,437.50,187.73,0,
8.083,437.50,187.73,0,
8.092,437.50,187.73,0,
8.104,437.50,187.73,0,
8.113,437.50,187.73,0,
8.121,437.50,187.73,0,
8.132,437.50,187.73,0,
8.142,437.50,187.73,0,
8.156,437.50,187.73,0,
8.161,437.50,187.73,0,
8.174,437.50,187.73,0,
8.183,437.50,187.73,0,
8.195,437.50,187.73,0,
8.200,437.50,187.73,0,
8.211,437.50,187.73,0,
8.225,437.50,187.73,0,
8.234,437.50,187.73,0,
8.242,437.50,187.73,0,
8.250,437.50,187.73,0,
8.262,437.50,187.73,0,
8.273,437.50,187.73,0,
8.283,437.50,187.73,0,
8.294,437.50,187.73,0,
8.303,437.50,187.73,0,
8.312,437.50,187.73,0,
8.323,437.50,187.73,0,
8.332,437.50,187.73,0,
8.341,437.50,187.73,0,
8.355,437.50,187.73,0,
8.362,437.50,187.73,0,
8.374,437.50,187.73,0,
8.383,437.50,187.73,0,
8.391,437.50,187.73,0,
8.400,437.50,187.73,0,
8.413,437.50,187.73,0,
8.423,437.50,187.73,0,
8.433,437.50,187.73,0,
8.443,437.50,187.73,0,
8.450,437.50,187.73,0,
8.463,437.50,187.73,0,
8.476,437.50,187.73,0,
8.482,437.50,187.73,0,
8.491,437.50,187.73,0,
8.503,437.50,187.73,0,
8.511,437.50,187.73,0,
8.525,437.50,187.73,0,
8.535,437.50,187.73,0,
8.544,437.50,187.73,0,
8.555,437.50,187.73,0,
8.563,437.50,187.73,0,
8.575,437.50,187.73,0,
8.586,437.50,187.73,0,
8.599,437.50,187.73,0,
8.605,437.50,187.73,0,
8.614,437.50,187.73,0,
8.623,437.50,187.73,0,
8.635,437.50,187.73,0,
8.644,437.50,187.73,0,
8.656,437.50,187.73,0,
8.661,437.50,187.73,0,
8.673,437.50,187.73,0,
8.682,437.50,187.73,0,
8.694,437.50,187.73,0,
8.702,437.50,187.73,0,
8.711,437.50,187.73,0,
8.728,437.50,187.73,0,
8.737,437.50,187.73,0,
8.743,437.50,187.73,0,
8.756,437.50,187.73,0,
8.764,437.50,187.73,0,
8.775,437.50,187.73,0,
8.780,437.50,187.73,0,
8.792,437.50,187.73,0,
8.806,437.50,187.73,0,
8.811,437.50,187.73,0,
8.821,437.50,187.73,0,
8.835,437.50,187.73,0,
8.841,437.50,187.73,0,
8.853,437.50,187.73,0,
8.863,437.50,187.73,0,
8.872,437.50,187.73,0,
8.882,437.50,187.73,0,
8.896,437.50,187.73,0,
8.902,437.50,187.73,0,
8.911,437.50,187.73,0,
8.923,437.50,187.73,0,
8.935,437.50,187.73,0,
8.944,437.50,187.73,0,
8.954,437.50,187.73,0,
8.963,437.50,187.73,0,
8.975,437.50,187.73,0,
8.983,437.50,187.73,0,
8.995,437.50,187.73,0,
9.001,437.50,187.73,0,
9.012,437.50,187.73,0,
9.020,437.50,187.73,0,
9.035,437.50,187.73,0,
9.044,437.50,187.73,0,
9.054,437.50,187.73,0,
9.064,437.50,187.73,0,
9.075,437.50,187.73,0,
9.084,437.50,187.73,0,
9.092,437.50,187.73,0,
9.106,437.50,187.73,0,
9.113,437.50,187.73,0,
9.123,437.50,187.73,0,
9.133,437.50,187.73,0,
9.147,437.50,187.73,0,
9.153,437.50,187.73,0,
9.161,437.50,187.73,0,
9.172,437.50,187.73,0,
9.183,437.50,187.73,0,
9.197,437.50,187.73,0,
9.204,437.50,187.73,0,
9.211,437.50,187.73,0,
9.225,437.50,187.73,0,
9.233,437.50,187.73,0,
9.244,437.50,187.73,0,
9.254,437.50,187.73,0,
9.264,437.50,187.73,0,
9.271,437.50,187.73,0,
9.285,437.50,187.73,0,
9.295,437.50,187.73,0,
9.305,437.50,187.73,0,
9.315,437.50,187.73,0,
9.324,437.50,187.73,0,
9.337,437.50,187.73,0,
9.341,437.50,187.73,0,
9.350,437.50,187.73,0,
9.362,437.50,187.73,0,
9.372,437.50,187.73,0,
9.383,437.50,187.73,0,
9.394,437.50,187.73,0,
9.402,437.50,187.73,0,
9.412,437.50,187.73,0,
9.424,437.50,187.73,0,
9.434,437.50,187.73,0,
9.441,437.50,187.73,0,
9.453,437.50,187.73,0,
9.461,437.50,187.73,0,
9.470,437.50,187.73,0,
9.482,437.50,187.73,0,
9.491,437.50,187.73,0,
9.500,437.50,187.73,0,
9.511,437.50,187.73,0,
9.524,437.50,187.73,0,
9.533,437.50,187.73,0,
9.543,437.50,187.73,0,
9.552,437.50,187.73,0,
9.566,437.50,187.73,0,
9.573,437.50,187.73,0,
9.584,437.50,187.73,0,
9.593,437.50,187.73,0,
9.602,437.50,187.73,0,
9.613,437.50,187.73,0,
9.624,437.50,187.73,0,
9.634,437.50,187.73,0,
9.642,437.50,187.73,0,
9.651,437.50,187.73,0,
9.664,437.50,187.73,0,
9.671,437.50,187.73,0,
9.684,437.50,187.73,0,
9.693,437.50,187.73,0,
9.700,437.50,187.73,0,
9.714,437.50,187.73,0,
9.723,437.50,187.73,0,
9.732,437.50,187.73,0,
9.742,437.50,187.73,0,
9.755,437.50,187.73,0,
9.764,437.50,187.73,0,
9.774,437.50,187.73,0,
9.786,437.50,187.73,0,
9.792,437.50,187.73,0,
9.805,437.50,187.73,0,
9.815,437.50,187.73,0,
9.820,437.50,187.73,0,
9.834,437.50,187.73,0,
9.845,437.50,187.73,0,
9.854,437.50,187.73,0,
9.863,437.50,187.73,0,
9.873,437.50,187.73,0,
9.884,437.50,187.73,0,
9.895,437.50,187.73,0,
9.901,437.50,187.73,0,
9.912,437.50,187.73,0,
9.921,437.50,187.73,0,
9.935,437.50,187.73,0,
9.945,437.50,187.73,0,
9.955,437.50,187.73,0,
9.965,437.50,187.73,0,
9.977,437.50,187.73,0,
9.982,437.50,187.73,0,
9.990,437.50,187.73,0,
10.002,437.50,187.73,0,
10.013,437.50,187.73,0,
10.025,437.50,187.73,0,
10.036,437.50,187.73,0,
10.041,437.50,187.73,0,
10.054,437.50,187.73,0,
10.064,437.50,187.73,0,
10.073,437.50,187.73,0,
10.081,437.50,187.73,0,
10.094,437.50,187.73,0,
10.101,437.50,187.73,0,
10.110,437.50,187.73,0,
10.121,437.50,187.73,0,
10.134,437.50,187.73,0,
10.143,437.50,187.73,0,
10.153,437.50,187.73,0,
10.162,437.50,187.73,0,
10.172,437.50,187.73,0,
10.183,437.50,187.73,0,
10.194,437.50,187.73,0,
10.201,437.50,187.73,0,
10.212,437.50,187.73,0,
10.223,437.50,187.73,0,
10.233,437.50,187.73,0,
10.243,437.50,187.73,0,
10.256,437.50,187.73,0,
10.262,437.50,187.73,0,
10.275,437.50,187.73,0,
10.282,437.50,187.73,0,
10.294,437.50,187.73,0,
10.306,437.50,187.73,0,
10.315,437.50,187.73,0,
10.320,437.50,187.73,0,
10.333,437.50,187.73,0,
10.342,437.50,187.73,0,
10.354,437.50,187.73,0,
10.362,437.50,187.73,0,
10.375,437.50,187.73,0,
10.386,437.50,187.73,0,
10.392,437.50,187.73,0,
10.402,437.50,187.73,0,
10.415,437.50,187.73,0,
10.426,437.50,187.73,0,
10.431,437.50,187.73,0,
10.441,437.50,187.73,0,
10.450,437.50,187.73,0,
10.463,437.50,187.73,0,
10.472,437.50,187.73,0,
10.481,437.50,187.73,0,
10.495,437.50,187.73,0,
10.503,437.50,187.73,0,
10.513,437.50,187.73,0,
10.520,437.50,187.73,0,
10.532,437.50,187.73,0,
10.545,437.50,187.73,0,
10.552,437.50,187.73,0,
10.563,437.50,187.73,0,
10.575,437.50,187.73,0,
10.587,437.50,187.73,0,
10.592,437.50,187.73,0,
10.602,437.50,187.73,0,
10.614,437.50,187.73,0,
10.621,437.50,187.73,0,
10.635,437.50,187.73,0,
10.647,437.50,187.73,0,
10.652,437.50,187.73,0,
10.662,437.50,187.73,0,
10.671,437.50,187.73,0,
10.685,437.50,187.73,0,
10.690,437.50,187.73,0,
10.703,437.50,187.73,0,
10.715,437.50,187.73,0,
10.723,437.50,187.73,0,
10.732,437.50,187.73,0,
10.740,437.50,187.73,0,
10.751,437.50,187.73,0,
10.763,437.50,187.73,0,
10.772,437.50,187.73,0,
10.782,437.50,187.73,0,
10.793,437.50,187.73,0,
10.802,437.50,187.73,0,
10.812,437.50,187.73,0,
10.824,437.50,187.73,0,
10.832,437.50,187.73,0,
10.845,437.50,187.73,0,
10.852,437.50,187.73,0,
10.864,437.50,187.73,0,
10.875,437.50,187.73,0,
10.886,437.50,187.73,0,
10.891,437.50,187.73,0,
10.901,437.50,187.73,0,
10.914,437.50,187.73,0,
10.924,437.50,187.73,0,
10.933,437.50,187.73,0,
10.941,437.50,187.73,0,
10.952,437.50,187.73,0,
10.962,437.50,187.73,0,
10.973,437.50,187.73,0,
10.983,437.50,187.73,0,
10.993,437.50,187.73,0,
11.002,437.50,187.73,0,
11.011,437.50,187.73,0,
11.024,437.50,187.73,0,
11.034,437.50,187.73,0,
11.043,437.50,187.73,0,
11.052,437.50,187.73,0,
11.063,437.50,187.73,0,
11.072,437.50,187.73,0,
11.081,437.50,187.73,0,
11.091,437.50,187.73,0,
11.103,437.50,187.73,0,
11.113,437.50,187.73,0,
11.121,437.50,187.73,0,
11.133,437.50,187.73,0,
11.142,437.50,187.73,0,
11.150,437.50,187.73,0,
11.162,437.50,187.73,0,
11.173,437.50,187.73,0,
11.182,437.50,187.73,0,
11.193,437.50,187.73,0,
11.203,437.50,187.73,0,
11.212,437.50,187.73,0,
11.224,437.50,187.73,0,
11.235,437.50,187.73,0,
11.246,437.50,187.73,0,
11.252,437.50,187.73,0,
11.262,437.50,187.73,0,
11.272,437.50,187.73,0,
11.283,437.50,187.73,0,
11.294,437.50,187.73,0,
11.302,437.50,187.73,0,
11.312,437.50,187.73,0,
11.324,437.50,187.73,0,
11.335,437.50,187.73,0,
11.343,437.50,187.73,0,
11.352,437.50,187.73,0,
11.363,437.50,187.73,0,
11.373,437.50,187.73,0,
11.383,437.50,187.73,0,
11.393,437.50,187.73,0,
11.404,437.50,187.73,0,
11.413,437.50,187.73,0,
11.420,437.50,187.73,0,
11.432,437.50,187.73,0,
11.444,437.50,187.73,0,
11.453,437.50,187.73,0,
11.464,437.50,187.73,0,
11.474,437.50,187.73,0,
11.482,437.50,187.73,0,
11.492,437.50,187.73,0,
11.501,437.50,187.73,0,
11.511,437.50,187.73,0,
11.523,437.50,187.73,0,
11.534,437.50,187.73,0,
11.542,437.50,187.73,0,
11.550,437.50,187.73,0,
11.563,437.50,187.73,0,
11.572,437.50,187.73,0,
11.582,437.50,187.73,0,
11.593,437.50,187.73,0,
11.601,437.50,187.73,0,
11.610,437.50,187.73,0,
11.620,437.50,187.73,0,
11.630,437.50,187.73,0,
11.644,437.50,187.73,0,
11.651,437.50,187.73,0,
11.660,437.50,187.73,0,
11.670,437.50,187.73,0,
11.680,437.50,187.73,0,
11.694,437.50,187.73,0,
11.706,437.50,187.73,0,
11.711,437.50,187.73,0,
11.724,437.50,187.73,0,
11.738,437.50,187.73,0,
11.742,437.50,187.73,0,
11.751,437.50,187.73,0,
11.763,437.50,187.73,0,
11.775,437.50,187.73,0,
11.782,437.50,187.73,0,
11.791,437.50,187.73,0,
11.801,437.50,187.73,0,
11.811,437.50,187.73,0,
11.823,437.50,187.73,0,
11.834,437.50,187.73,0,
11.842,437.50,187.73,0,
11.851,437.50,187.73,0,
11.866,437.50,187.73,0,
11.871,437.50,187.73,0,
11.880,437.50,187.73,0,
11.894,437.50,187.73,0,
11.904,437.50,187.73,0,
11.913,437.50,187.73,0,
11.923,437.50,187.73,0,
11.933,437.50,187.73,0,
11.941,437.50,187.73,0,
11.951,437.50,187.73,0,
11.963,437.50,187.73,0,
11.972,437.50,187.73,0,
11.983,437.50,187.73,0,
11.994,437.50,187.73,0,
12.003,437.50,187.73,0,
12.016,437.50,187.73,0,
12.025,437.50,187.73,0,
12.033,437.50,187.73,0,
12.044,437.50,187.73,0,
12.054,437.50,187.73,0,
12.064,437.50,187.73,0,
12.072,437.50,187.73,0,
12.082,437.50,187.73,0,
12.091,437.50,187.73,0,
12.101,437.50,187.73,0,
12.112,437.50,187.73,0,
12.123,437.50,187.73,0,
12.132,437.50,187.73,0,
12.142,437.50,187.73,0,
12.151,437.50,187.73,0,
12.162,437.50,187.73,0,
12.174,437.50,187.73,0,
12.182,437.50,187.73,0,
12.192,437.50,187.73,0,
12.203,437.50,187.73,0,
12.211,437.50,187.73,0,
12.225,437.50,187.73,0,
12.231,437.50,187.73,0,
12.245,437.50,187.73,0,
12.251,437.50,187.73,0,
12.267,437.50,187.73,0,
12.273,437.50,187.73,0,
12.281,437.50,187.73,0,
12.305,437.50,187.73,0,
12.312,437.50,187.73,0,
12.316,437.50,187.73,0,
12.322,437.50,187.73,0,
12.331,437.50,187.73,0,
12.345,437.50,187.73,0,
12.354,437.50,187.73,0,
12.364,437.50,187.73,0,
12.370,437.50,187.73,0,
12.384,437.50,187.73,0,
12.394,437.50,187.73,0,
12.401,437.50,187.73,0,
12.412,437.50,187.73,0,
12.424,437.50,187.73,0,
12.434,437.50,187.73,0,
12.440,437.50,187.73,0,
12.451,437.50,187.73,0,
12.462,437.50,187.73,0,
12.474,437.50,187.73,0,
12.482,437.50,187.73,0,
12.494,437.50,187.73,0,
12.506,437.50,187.73,0,
12.510,437.50,187.73,0,
12.525,437.50,187.73,0,
12.533,437.50,187.73,0,
12.542,437.50,187.73,0,
12.550,437.50,187.73,0,
12.564,437.50,187.73,0,
12.571,437.50,187.73,0,
12.584,437.50,187.73,0,
12.592,437.50,187.73,0,
12.602,437.50,187.73,0,
12.614,437.50,187.73,0,
12.623,437.50,187.73,0,
12.635,437.50,187.73,0,
12.645,437.50,187.73,0,
12.656,437.50,187.73,0,
12.663,437.50,187.73,0,
12.673,437.50,187.73,0,
12.685,437.50,187.73,0,
12.691,437.50,187.73,0,
12.703,437.50,187.73,0,
12.716,437.50,187.73,0,
12.721,437.50,187.73,0,
12.731,437.50,187.73,0,
12.743,437.50,187.73,0,
12.752,437.50,187.73,0,
12.765,437.50,187.73,0,
12.777,437.50,187.73,0,
12.781,437.50,187.73,0,
12.794,437.50,187.73,0,
12.805,437.50,187.73,0,
12.811,437.50,187.73,0,
12.823,437.50,187.73,0,
12.834,437.50,187.73,0,
12.842,437.50,187.73,0,
12.851,437.50,187.73,0,
12.865,437.50,187.73,0,
12.872,437.50,187.73,0,
12.883,437.50,187.73,0,
12.895,437.50,187.73,0,
12.905,437.50,187.73,0,
12.914,437.50,187.73,0,
12.923,437.50,187.73,0,
12.933,437.50,187.73,0,
12.944,437.50,187.73,0,
12.954,437.50,187.73,0,
12.963,437.50,187.73,0,
12.974,437.50,187.73,0,
12.986,437.50,187.73,0,
12.992,437.50,187.73,0,
13.002,437.50,187.73,0,
13.014,437.50,187.73,0,
13.024,437.50,187.73,0,
13.032,437.50,187.73,0,
13.041,437.50,187.73,0,
13.053,437.50,187.73,0,
13.065,437.50,187.73,0,
13.071,437.50,187.73,0,
13.081,437.50,187.73,0,
13.092,437.50,187.73,0,
13.106,437.50,187.73,0,
13.112,437.50,187.73,0,
13.121,437.50,187.73,0,
13.131,437.50,187.73,0,
13.143,437.50,187.73,0,
13.151,437.50,187.73,0,
13.165,437.50,187.73,0,
13.175,437.50,187.73,0,
13.185,437.50,187.73,0,
13.195,437.50,187.73,0,
13.206,437.50,187.73,0,
13.216,437.50,187.73,0,
13.223,437.50,187.73,0,
13.234,437.50,187.73,0,
13.241,437.50,187.73,0,
13.254,437.50,187.73,0,
13.261,437.50,187.73,0,
13.271,437.50,187.73,0,
13.284,437.50,187.73,0,
13.295,437.50,187.73,0,
13.303,437.50,187.73,0,
13.313,437.50,187.73,0,
13.325,437.50,187.73,0,
13.334,437.50,187.73,0,
13.343,437.50,187.73,0,
13.355,437.50,187.73,0,
13.364,437.50,187.73,0,
13.375,437.50,187.73,0,
13.381,437.50,187.73,0,
13.390,437.50,187.73,0,
13.403,437.50,187.73,0,
13.414,437.50,187.73,0,
13.423,437.50,187.73,0,
13.432,437.50,187.73,0,
13.443,437.50,187.73,0,
13.454,437.50,187.73,0,
13.464,437.50,187.73,0,
13.474,437.50,187.73,0,
13.481,437.50,187.73,0,
13.492,437.50,187.73,0,
13.502,437.50,187.73,0,
13.511,437.50,187.73,0,
13.524,437.50,187.73,0,
13.532,437.50,187.73,0,
13.543,437.50,187.73,0,
13.552,437.50,187.73,0,
13.566,437.50,187.73,0,
13.571,437.50,187.73,0,
13.581,437.50,187.73,0,
13.594,437.50,187.73,0,
13.607,437.50,187.73,0,
13.613,437.50,187.73,0,
13.625,437.50,187.73,0,
13.630,437.50,187.73,0,
13.641,437.50,187.73,0,
13.650,437.50,187.73,0,
13.662,437.50,187.73,0,
13.675,437.50,187.73,0,
13.681,437.50,187.73,0,
13.693,437.50,187.73,0,
13.706,437.50,187.73,0,
13.716,437.50,187.73,0,
13.724,437.50,187.73,0,
13.734,437.50,187.73,0,
13.745,437.50,187.73,0,
13.755,437.50,187.73,0,
13.764,437.50,187.73,0,
13.772,437.50,187.73,0,
13.783,437.50,187.73,0,
13.793,437.50,187.73,0,
13.802,437.50,187.73,0,
13.812,437.50,187.73,0,
13.822,437.50,187.73,0,
13.834,437.50,187.73,0,
13.843,437.50,187.73,0,
13.850,437.50,187.73,0,
13.862,437.50,187.73,0,
13.874,437.50,187.73,0,
13.883,437.50,187.73,0,
13.893,437.50,187.73,0,
13.901,437.50,187.73,0,
13.912,437.50,187.73,0,
13.921,437.50,187.73,0,
13.936,437.50,187.73,0,
13.941,437.50,187.73,0,
13.950,437.50,187.73,0,
13.960,437.50,187.73,0,
13.970,437.50,187.73,0,
13.984,437.50,187.73,0,
13.996,437.50,187.73,0,
14.001,437.50,187.73,0,
14.014,437.50,187.73,0,
14.024,437.50,187.73,0,
14.033,437.50,187.73,0,
14.042,437.50,187.73,0,
14.057,437.50,187.73,0,
14.061,437.50,187.73,0,
14.074,437.50,187.73,0,
14.081,437.50,187.73,0,
14.093,437.50,187.73,0,
14.102,437.50,187.73,0,
14.112,437.50,187.73,0,
14.124,437.50,187.73,0,
14.133,437.50,187.73,0,
14.143,437.50,187.73,0,
14.155,437.50,187.73,0,
14.163,437.50,187.73,0,
14.172,437.50,187.73,0,
14.181,437.50,187.73,0,
14.190,437.50,187.73,0,
14.203,437.50,187.73,0,
14.212,437.50,187.73,0,
14.222,437.50,187.73,0,
14.230,437.50,187.73,0,
14.243,437.50,187.73,0,
14.253,437.50,187.73,0,
14.264,437.50,187.73,0,
14.273,437.50,187.73,0,
14.282,437.50,187.73,0,
14.292,437.50,187.73,0,
14.303,437.50,187.73,0,
14.314,437.50,187.73,0,
14.324,437.50,187.73,0,
14.332,437.50,187.73,0,
14.345,437.50,187.73,0,
14.351,437.50,187.73,0,
14.364,437.50,187.73,0,
14.374,437.50,187.73,0,
14.384,437.50,187.73,0,
14.394,437.50,187.73,0,
14.402,437.50,187.73,0,
14.415,437.50,187.73,0,
14.427,437.50,187.73,0,
14.430,437.50,187.73,0,
14.442,437.50,187.73,0,
14.453,437.50,187.73,0,
14.462,437.50,187.73,0,
14.470,437.50,187.73,0,
14.481,437.50,187.73,0,
14.495,437.50,187.73,0,
14.503,437.50,187.73,0,
14.516,437.50,187.73,0,
14.521,437.50,187.73,0,
14.531,437.50,187.73,0,
14.540,437.50,187.73,0,
14.553,437.50,187.73,0,
14.562,437.50,187.73,0,
14.575,437.50,187.73,0,
14.583,437.50,187.73,0,
14.591,437.50,187.73,0,
14.601,437.50,187.73,0,
14.615,437.50,187.73,0,
14.621,437.50,187.73,0,
14.632,437.50,187.73,0,
14.640,437.50,187.73,0,
14.654,437.50,187.73,0,
14.664,437.50,187.73,0,
14.673,437.50,187.73,0,
14.681,437.50,187.73,0,
14.691,437.50,187.73,0,
14.703,437.50,187.73,0,
14.713,437.50,187.73,0,
14.728,437.50,187.73,0,
14.734,437.50,187.73,0,
14.744,437.50,187.73,0,
14.755,437.50,187.73,0,
14.761,437.50,187.73,0,
14.771,437.50,187.73,0,
14.785,437.50,187.73,0,
14.791,437.50,187.73,0,
14.802,437.50,187.73,0,
14.812,437.50,187.73,0,
14.821,437.50,187.73,0,
14.832,437.50,187.73,0,
14.840,437.50,187.73,0,
14.851,437.50,187.73,0,
14.862,437.50,187.73,0,
14.873,437.50,187.73,0,
14.881,437.50,187.73,0,
14.892,437.50,187.73,0,
14.901,437.50,187.73,0,
14.914,437.50,187.73,0,
14.922,437.50,187.73,0,
14.934,437.50,187.73,0,
14.941,437.50,187.73,0,
14.953,437.50,187.73,0,
14.964,437.50,187.73,0,
14.976,437.50,187.73,0,
14.985,437.50,187.73,0,
14.995,437.50,187.73,0,
15.001,437.50,187.73,0,
15.011,437.50,187.73,0,
15.025,437.50,187.73,0,
15.031,437.50,187.73,0,
15.044,437.50,187.73,0,
15.052,437.50,187.73,0,
15.063,437.50,187.73,0,
15.071,437.50,187.73,0,
15.084,437.50,187.73,0,
15.095,437.50,187.73,0,
15.104,437.50,187.73,0,
15.113,437.50,187.73,0,
15.123,437.50,187.73,0,
15.133,437.50,187.73,0,
15.141,437.50,187.73,0,
15.152,437.50,187.73,0,
15.161,437.50,187.73,0,
15.174,437.50,187.73,0,
15.185,437.50,187.73,0,
15.195,437.50,187.73,0,
15.204,437.50,187.73,0,
15.213,437.50,187.73,0,
15.221,437.50,187.73,0,
15.231,437.50,187.73,0,
15.240,437.50,187.73,0,
15.254,437.50,187.73,0,
15.262,437.50,187.73,0,
15.273,437.50,187.73,0,
15.282,437.50,187.73,0,
15.295,437.50,187.73,0,
15.301,437.50,187.73,0,
15.311,437.50,187.73,0,
15.324,437.50,187.73,0,
15.336,437.50,187.73,0,
15.340,437.50,187.73,0,
15.351,437.50,187.73,0,
15.368,437.50,187.73,0,
15.374,437.50,187.73,0,
15.383,437.50,187.73,0,
15.391,437.50,187.73,0,
15.403,437.50,187.73,0,
15.414,437.50,187.73,0,
15.424,437.50,187.73,0,
15.437,437.50,187.73,0,
15.441,437.50,187.73,0,
15.450,437.50,187.73,0,
15.460,437.50,187.73,0,
15.474,437.50,187.73,0,
15.484,437.50,187.73,0,
15.497,437.50,187.73,0,
15.505,437.50,187.73,0,
15.515,437.50,187.73,0,
15.523,437.50,187.73,0,
15.534,437.50,187.73,0,
15.541,437.50,187.73,0,
15.552,437.50,187.73,0,
15.564,437.50,187.73,0,
15.571,437.50,187.73,0,
15.587,437.50,187.73,0,
15.592,437.50,187.73,0,
15.602,437.50,187.73,0,
15.614,437.50,187.73,0,
15.620,437.50,187.73,0,
15.631,437.50,187.73,0,
15.642,437.50,187.73,0,
15.652,437.50,187.73,0,
15.664,437.50,187.73,0,
15.673,437.50,187.73,0,
15.683,437.50,187.73,0,
15.695,437.50,187.73,0,
15.707,437.50,187.73,0,
15.712,437.50,187.73,0,
15.725,437.50,187.73,0,
15.736,437.50,187.73,0,
15.742,437.50,187.73,0,
15.752,437.50,187.73,0,
15.763,437.50,187.73,0,
15.771,437.50,187.73,0,
15.785,437.50,187.73,0,
15.791,437.50,187.73,0,
15.805,437.50,187.73,0,
15.813,437.50,187.73,0,
15.823,437.50,187.73,0,
15.836,437.50,187.73,0,
15.841,437.50,187.73,0,
15.850,437.50,187.73,0,
15.865,437.50,187.73,0,
15.875,437.50,187.73,0,
15.881,437.50,187.73,0,
15.894,437.50,187.73,0,
15.903,437.50,187.73,0,
15.913,437.50,187.73,0,
15.926,437.50,187.73,0,
15.932,437.50,187.73,0,
15.945,437.50,187.73,0,
15.956,437.50,187.73,0,
15.963,437.50,187.73,0,
15.976,437.50,187.73,0,
15.983,437.50,187.73,0,
15.994,437.50,187.73,0,
16.005,437.50,187.73,0,
16.012,437.50,187.73,0,
16.026,437.50,187.73,0,
16.033,437.50,187.73,0,
16.044,437.50,187.73,0,
16.051,437.50,187.73,0,
16.067,437.50,187.73,0,
16.076,437.50,187.73,0,
16.080,437.50,187.73,0,
16.094,437.50,187.73,0,
16.115,437.50,187.73,0,
16.122,437.50,187.73,0,
16.127,437.50,187.73,0,
16.137,437.50,187.73,0,
16.149,437.50,187.73,0,
16.157,437.50,187.73,0,
16.165,437.50,187.73,0,
16.176,437.50,187.73,0,
16.185,437.50,187.73,0,
16.194,437.50,187.73,0,
16.203,437.50,187.73,0,
16.216,437.50,187.73,0,
16.224,437.50,187.73,0,
16.235,437.50,187.73,0,
16.249,437.50,187.73,0,
16.256,437.50,187.73,0,
16.261,437.50,187.73,0,
16.274,437.50,187.73,0,
16.284,437.50,187.73,0,
16.291,437.50,187.73,0,
16.302,437.50,187.73,0,
16.318,437.50,187.73,0,
16.334,437.50,187.73,0,
16.343,437.50,187.73,0,
16.353,437.50,187.73,0,
16.358,437.50,187.73,0,
16.363,437.50,187.73,0,
16.377,437.50,187.73,0,
16.387,437.50,187.73,0,
16.394,437.50,187.73,0,
16.404,437.50,187.73,0,
16.416,437.50,187.73,0,
16.421,437.50,187.73,0,
16.432,437.50,187.73,0,
16.443,437.50,187.73,0,
16.457,437.50,187.73,0,
16.474,437.50,187.73,0,
16.480,437.50,187.73,0,
16.485,437.50,187.73,0,
16.494,437.50,187.73,0,
16.502,437.50,187.73,0,
16.518,437.50,187.73,0,
16.524,437.50,187.73,0,
16.536,437.50,187.73,0,
16.545,437.50,187.73,0,
16.551,437.50,187.73,0,
16.561,437.50,187.73,0,
16.575,437.50,187.73,0,
16.581,437.50,187.73,0,
16.595,437.50,187.73,0,
16.605,437.50,187.73,0,
16.616,437.50,187.73,0,
16.622,437.50,187.73,0,
16.631,437.50,187.73,0,
16.641,437.50,187.73,0,
16.652,437.50,187.73,0,
16.661,437.50,187.73,0,
16.674,437.50,187.73,0,
16.681,437.50,187.73,0,
16.691,437.50,187.73,0,
16.701,437.50,187.73,0,
16.714,437.50,187.73,0,
16.721,437.50,187.73,0,
16.733,437.50,187.73,0,
16.744,437.50,187.73,0,
16.755,437.50,187.73,0,
16.765,437.50,187.73,0,
16.775,437.50,187.73,0,
16.782,437.50,187.73,0,
16.796,437.50,187.73,0,
16.801,437.50,187.73,0,
16.813,437.50,187.73,0,
16.822,437.50,187.73,0,
16.831,437.50,187.73,0,
16.843,437.50,187.73,0,
16.856,437.50,187.73,0,
16.863,437.50,187.73,0,
16.873,437.50,187.73,0,
16.886,437.50,187.73,0,
16.891,437.50,187.73,0,
16.905,437.50,187.73,0,
16.912,437.50,187.73,0,
16.924,437.50,187.73,0,
16.933,437.50,187.73,0,
16.946,437.50,187.73,0,
16.952,437.50,187.73,0,
16.962,437.50,187.73,0,
16.972,437.50,187.73,0,
16.984,437.50,187.73,0,
16.993,437.50,187.73,0,
17.001,437.50,187.73,0,
17.016,437.50,187.73,0,
17.022,437.50,187.73,0,
17.035,437.50,187.73,0,
17.045,437.50,187.73,0,
17.052,437.50,187.73,0,
17.063,437.50,187.73,0,
17.072,437.50,187.73,0,
17.082,437.50,187.73,0,
17.092,437.50,187.73,0,
17.102,437.50,187.73,0,
17.112,437.50,187.73,0,
17.121,437.50,187.73,0,
17.136,437.50,187.73,0,
17.147,437.50,187.73,0,
17.153,437.50,187.73,0,
17.163,437.50,187.73,0,
17.172,437.50,187.73,0,
17.181,437.50,187.73,0,
17.192,437.50,187.73,0,
17.205,437.50,187.73,0,
17.211,437.50,187.73,0,
17.227,437.50,187.73,0,
17.230,437.50,187.73,0,
17.242,437.50,187.73,0,
17.254,437.50,187.73,0,
17.265,437.50,187.73,0,
17.274,437.50,187.73,0,
17.281,437.50,187.73,0,
17.294,437.50,187.73,0,
17.304,437.50,187.73,0,
17.315,437.50,187.73,0,
17.320,437.50,187.73,0,
17.334,437.50,187.73,0,
17.344,437.50,187.73,0,
17.352,437.50,187.73,0,
17.361,437.50,187.73,0,
17.374,437.50,187.73,0,
17.386,437.50,187.73,0,
17.390,437.50,187.73,0,
17.400,437.50,187.73,0,
17.417,437.50,187.73,0,
17.422,437.50,187.73,0,
17.432,437.50,187.73,0,
17.445,437.50,187.73,0,
17.453,437.50,187.73,0,
17.462,437.50,187.73,0,
17.476,437.50,187.73,0,
17.482,437.50,187.73,0,
17.492,437.50,187.73,0,
17.504,437.50,187.73,0,
17.515,437.50,187.73,0,
17.525,437.50,187.73,0,
17.533,437.50,187.73,0,
17.543,437.50,187.73,0,
17.552,437.50,187.73,0,
17.562,437.50,187.73,0,
17.573,437.50,187.73,0,
17.584,437.50,187.73,0,
17.596,437.50,187.73,0,
17.605,437.50,187.73,0,
17.615,437.50,187.73,0,
17.625,437.50,187.73,0,
17.631,437.50,187.73,0,
17.645,437.50,187.73,0,
17.657,437.50,187.73,0,
17.662,437.50,187.73,0,
17.674,437.50,187.73,0,
17.682,437.50,187.73,0,
17.695,437.50,187.73,0,
17.701,437.50,187.73,0,
17.713,437.50,187.73,0,
17.722,437.50,187.73,0,
17.732,437.50,187.73,0,
17.744,437.50,187.73,0,
17.755,437.50,187.73,0,
17.764,437.50,187.73,0,
17.775,437.50,187.73,0,
17.781,437.50,187.73,0,
17.793,437.50,187.73,0,
17.802,437.50,187.73,0,
17.813,437.50,187.73,0,
17.821,437.50,187.73,0,
17.830,437.50,187.73,0,
17.841,437.50,187.73,0,
17.850,437.50,187.73,0,
17.861,437.50,187.73,0,
17.875,437.50,187.73,0,
17.883,437.50,187.73,0,
17.894,437.50,187.73,0,
17.903,437.50,187.73,0,
17.912,437.50,187.73,0,
17.920,437.50,187.73,0,
17.931,437.50,187.73,0,
17.943,437.50,187.73,0,
17.953,437.50,187.73,0,
17.963,437.50,187.73,0,
17.972,437.50,187.73,0,
17.986,437.50,187.73,0,
17.992,437.50,187.73,0,
18.007,437.50,187.73,0,
18.012,437.50,187.73,0,
18.025,437.50,187.73,0,
18.036,437.50,187.73,0,
18.046,437.50,187.73,0,
18.050,437.50,187.73,0,
18.062,437.50,187.73,0,
18.074,437.50,187.73,0,
18.082,437.50,187.73,0,
18.093,437.50,187.73,0,
18.102,437.50,187.73,0,
18.111,437.50,187.73,0,
18.121,437.50,187.73,0,
18.135,437.50,187.73,0,
18.142,437.50,187.73,0,
18.152,437.50,187.73,0,
18.163,437.50,187.73,0,
18.175,437.50,187.73,0,
18.183,437.50,187.73,0,
18.191,437.50,187.73,0,
18.201,437.50,187.73,0,
18.211,437.50,187.73,0,
18.224,437.50,187.73,0,
18.236,437.50,187.73,0,
18.244,437.50,187.73,0,
18.254,437.50,187.73,0,
18.265,437.50,187.73,0,
18.273,437.50,187.73,0,
18.283,437.50,187.73,0,
18.296,437.50,187.73,0,
18.304,437.50,187.73,0,
18.313,437.50,187.73,0,
18.322,437.50,187.73,0,
18.334,437.50,187.73,0,
18.342,437.50,187.73,0,
18.351,437.50,187.73,0,
18.366,437.50,187.73,0,
18.370,437.50,187.73,0,
18.382,437.50,187.73,0,
18.393,437.50,187.73,0,
18.402,437.50,187.73,0,
18.413,437.50,187.73,0,
18.426,437.50,187.73,0,
18.435,437.50,187.73,0,
18.444,437.50,187.73,0,
18.455,437.50,187.73,0,
18.473,437.50,187.73,0,
18.478,437.50,187.73,0,
18.483,437.50,187.73,0,
18.492,437.50,187.73,0,
18.503,437.50,187.73,0,
18.512,437.50,187.73,0,
18.524,437.50,187.73,0,
18.533,437.50,187.73,0,
18.541,437.50,187.73,0,
18.551,437.50,187.73,0,
18.563,437.50,187.73,0,
18.570,437.50,187.73,0,
18.582,437.50,187.73,0,
18.590,437.50,187.73,0,
18.601,437.50,187.73,0,
18.613,437.50,187.73,0,
18.622,437.50,187.73,0,
18.632,437.50,187.73,0,
18.645,437.50,187.73,0,
18.657,437.50,187.73,0,
18.662,437.50,187.73,0,
18.674,437.50,187.73,0,
18.684,437.50,187.73,0,
18.695,437.50,187.73,0,
18.704,437.50,187.73,0,
18.714,437.50,187.73,0,
18.724,437.50,187.73,0,
18.734,437.50,187.73,0,
18.743,437.50,187.73,0,
18.753,437.50,187.73,0,
18.760,437.50,187.73,0,
18.773,437.50,187.73,0,
18.782,437.50,187.73,0,
18.794,437.50,187.73,0,
18.802,437.50,187.73,0,
18.811,437.50,187.73,0,
18.820,437.50,187.73,0,
18.832,437.50,187.73,0,
18.842,437.50,187.73,0,
18.855,437.50,187.73,0,
18.864,437.50,187.73,0,
18.875,437.50,187.73,0,
18.885,437.50,187.73,0,
18.891,437.50,187.73,0,
18.903,437.50,187.73,0,
18.913,437.50,187.73,0,
18.922,437.50,187.73,0,
18.933,437.50,187.73,0,
18.943,437.50,187.73,0,
18.951,437.50,187.73,0,
18.967,437.50,187.73,0,
18.971,437.50,187.73,0,
18.981,437.50,187.73,0,
18.995,437.50,187.73,0,
19.000,437.50,187.73,0,
19.015,437.50,187.73,0,
19.022,437.50,187.73,0,
19.035,437.50,187.73,0,
19.040,437.50,187.73,0,
19.053,437.50,187.73,0,
19.063,437.50,187.73,0,
19.071,437.50,187.73,0,
19.085,437.50,187.73,0,
19.091,437.50,187.73,0,
19.100,437.50,187.73,0,
19.113,437.50,187.73,0,
19.123,437.50,187.73,0,
19.131,437.50,187.73,0,
19.142,437.50,187.73,0,
19.153,437.50,187.73,0,
19.163,437.50,187.73,0,
19.174,437.50,187.73,0,
19.185,437.50,187.73,0,
19.196,437.50,187.73,0,
19.204,437.50,187.73,0,
19.214,437.50,187.73,0,
19.224,437.50,187.73,0,
19.234,437.50,187.73,0,
19.244,437.50,187.73,0,
19.253,437.50,187.73,0,
19.262,437.50,187.73,0,
19.274,437.50,187.73,0,
19.282,437.50,187.73,0,
19.292,437.50,187.73,0,
19.304,437.50,187.73,0,
19.311,437.50,187.73,0,
19.325,437.50,187.73,0,
19.331,437.50,187.73,0,
19.346,437.50,187.73,0,
19.351,437.50,187.73,0,
19.367,437.50,187.73,0,
19.371,437.50,187.73,0,
19.381,437.50,187.73,0,
19.391,437.50,187.73,0,
19.403,437.50,187.73,0,
19.412,437.50,187.73,0,
19.421,437.50,187.73,0,
19.434,437.50,187.73,0,
19.442,437.50,187.73,0,
19.452,437.50,187.73,0,
19.462,437.50,187.73,0,
19.472,437.50,187.73,0,
19.483,437.50,187.73,0,
19.492,437.50,187.73,0,
19.504,437.50,187.73,0,
19.512,437.50,187.73,0,
19.522,437.50,187.73,0,
19.533,437.50,187.73,0,
19.546,437.50,187.73,0,
19.555,437.50,187.73,0,
19.563,437.50,187.73,0,
19.573,437.50,187.73,0,
19.584,437.50,187.73,0,
19.594,437.50,187.73,0,
19.603,437.50,187.73,0,
19.614,437.50,187.73,0,
19.623,437.50,187.73,0,
19.634,437.50,187.73,0,
19.645,437.50,187.73,0,
19.651,437.50,187.73,0,
19.662,437.50,187.73,0,
19.673,437.50,187.73,0,
19.682,437.50,187.73,0,
19.691,437.50,187.73,0,
19.702,437.50,187.73,0,
19.712,437.50,187.73,0,
19.725,437.50,187.73,0,
19.732,437.50,187.73,0,
19.743,437.50,187.73,0,
19.751,437.50,187.73,0,
19.766,437.50,187.73,0,
19.770,437.50,187.73,0,
19.783,437.50,187.73,0,
19.791,437.50,187.73,0,
19.802,437.50,187.73,0,
19.815,437.50,187.73,0,
19.820,437.50,187.73,0,
19.833,437.50,187.73,0,
19.842,437.50,187.73,0,
19.853,437.50,187.73,0,
19.862,437.50,187.73,0,
19.872,437.50,187.73,0,
19.884,437.50,187.73,0,
19.894,437.50,187.73,0,
19.904,437.50,187.73,0,
19.911,437.50,187.73,0,
19.923,437.50,187.73,0,
19.932,437.50,187.73,0,
19.943,437.50,187.73,0,
19.951,437.50,187.73,0,
19.964,437.50,187.73,0,
19.976,437.50,187.73,0,
19.981,437.50,187.73,0,
19.991,437.50,187.73,0,
20.001,437.50,187.73,0,
20.016,437.50,187.73,0,
20.024,437.50,187.73,0,
20.034,437.50,187.73,0,
20.046,437.50,187.73,0,
20.055,437.50,187.73,0,
20.062,437.50,187.73,0,
20.074,437.50,187.73,0,
20.082,437.50,187.73,0,
20.095,437.50,187.73,0,
20.104,437.50,187.73,0,
20.114,437.50,187.73,0,
20.124,437.50,187.73,0,
20.133,437.50,187.73,0,
20.142,437.50,187.73,0,
20.154,437.50,187.73,0,
20.162,437.50,187.73,0,
20.171,437.50,187.73,0,
20.181,437.50,187.73,0,
20.192,437.50,187.73,0,
20.206,437.50,187.73,0,
20.210,437.50,187.73,0,
20.225,437.50,187.73,0,
20.231,437.50,187.73,0,
20.243,437.50,187.73,0,
20.254,437.50,187.73,0,
20.264,437.50,187.73,0,
20.275,437.50,187.73,0,
20.282,437.50,187.73,0,
20.292,437.50,187.73,0,
20.302,437.50,187.73,0,
20.314,437.50,187.73,0,
20.323,437.50,187.73,0,
20.333,437.50,187.73,0,
20.345,437.50,187.73,0,
20.369,437.50,187.73,0,
20.377,437.50,187.73,0,
20.385,437.50,187.73,0,
20.390,437.50,187.73,0,
20.397,437.50,187.73,0,
20.407,437.50,187.73,0,
20.412,437.50,187.73,0,
20.422,437.50,187.73,0,
20.432,437.50,187.73,0,
20.441,437.50,187.73,0,
20.455,437.50,187.73,0,
20.471,437.50,187.73,0,
20.477,437.50,187.73,0,
20.483,437.50,187.73,0,
20.492,437.50,187.73,0,
20.504,437.50,187.73,0,
